{
    "T-016": [8.475067358437684, 49.49631848203731],
    "T-031": [8.474827, 49.49765],
    "T-038": [8.474861417154155, 49.50418896018963],
    "T-043": [8.477162934830709, 49.50488807814945],
    "T-052": [8.47860990154222, 49.49936317667333],
    "T-059": [8.471889, 49.495825],
    "T-060": [8.478834484484775, 49.50153735059491],
    "W-006": [8.471887, 49.495823],
    "W-002": [8.474837, 49.49766],
    "W-007": [8.475411, 49.499071],
    "BTL-003": [8.467296, 49.48126],
    "T-030": [8.486057272500398, 49.49846109390819],
    "T-032": [8.474376, 49.496764],
    "T-034": [8.47394, 49.4965],
    "T-042": [8.467303, 49.48125],
    "T-046": [8.474209, 49.50242],
    "T-047": [8.484381411003039, 49.49992177057003],
    "T-051": [8.48468993488639, 49.50082022064473],
    "W-003": [8.467293, 49.48124],
    "W-011": [8.47645759416373, 49.50180186251339],
    "W-012": [8.48107474119895, 49.49916413459268],
    "W-014": [8.48467993488639, 49.50081022064473],
    "W-004": [8.484286, 49.498682],
    "T-024": [8.484276, 49.498672],
    "T-025": [8.464963447636082, 49.49798804085423],
    "T-033": [8.47644759416373, 49.501791862513386],
    "T-036": [8.47164108854401, 49.5028037066958],
    "T-040": [8.473025797356453, 49.505417972007784],
    "T-044": [8.466461042804248, 49.49756298082724],
    "T-045": [8.48555126956, 49.4999176178801],
    "T-057": [8.474756293167504, 49.50575602654873],
    "W-009": [8.475077358437684, 49.49632848203731],
    "W-013": [8.473939, 49.496496],
    "T-017": [8.471729411394918, 49.504562546431174],
    "T-020": [8.488139502622827, 49.50025591791636],
    "T-022": [8.477125123632566, 49.50548721584238],
    "T-023": [8.472246048615066, 49.49705293267012],
    "T-026": [8.475401, 49.499061],
    "T-027": [8.481064741198951, 49.49915413459268],
    "T-029": [8.475691, 49.50673],
    "T-039": [8.468663708010844, 49.505160997562754],
    "T-048": [8.463888, 49.499382],
    "T-058": [8.481736111617007, 49.501145107419596],
    "W-010": [8.481746111617007, 49.5011551074196],
    "W-015": [8.47717366366636, 49.50489765794603],
    "W-005": [8.474386, 49.496774]
}